{
  "cutoffs": [
    {
      "mu_min_mev": 700.0,
      "n_valid": 29411,
      "n_hits": 147,
      "hit_fraction": 0.004998,
      "ci_95": [
        0.004224,
        0.005872
      ],
      "note": "below 1 GeV; running extrapolated"
    },
    {
      "mu_min_mev": 1000.0,
      "n_valid": 25485,
      "n_hits": 147,
      "hit_fraction": 0.005768,
      "ci_95": [
        0.004875,
        0.006776
      ]
    },
    {
      "mu_min_mev": 1500.0,
      "n_valid": 21036,
      "n_hits": 147,
      "hit_fraction": 0.006988,
      "ci_95": [
        0.005907,
        0.008208
      ]
    },
    {
      "mu_min_mev": 2000.0,
      "n_valid": 17801,
      "n_hits": 0,
      "hit_fraction": 0.0,
      "ci_95": [
        0.0,
        0.000207
      ]
    }
  ],
  "stable": true
}