{
  "cutoffs": [
    {
      "mu_min_mev": 700.0,
      "n_valid": 29411,
      "n_hits": 121,
      "hit_fraction": 0.004114,
      "ci_95": [
        0.003415,
        0.004914
      ],
      "note": "below 1 GeV; running extrapolated"
    },
    {
      "mu_min_mev": 1000.0,
      "n_valid": 25485,
      "n_hits": 121,
      "hit_fraction": 0.004748,
      "ci_95": [
        0.003941,
        0.00567
      ]
    },
    {
      "mu_min_mev": 1500.0,
      "n_valid": 21036,
      "n_hits": 121,
      "hit_fraction": 0.005752,
      "ci_95": [
        0.004775,
        0.006869
      ]
    },
    {
      "mu_min_mev": 2000.0,
      "n_valid": 17801,
      "n_hits": 0,
      "hit_fraction": 0.0,
      "ci_95": [
        0.0,
        0.000207
      ]
    }
  ],
  "stable": true
}